timestamp,renewables,fossil,nuclear,lowcarbon,demand_gw
2026-09-27T15:43:53.267Z,74,14,12,86,25.7
2026-09-27T19:28:49.787Z,57,30,13,70,29.2
2026-09-27T22:29:42.445Z,54,30,16,70,22.9
2026-09-28T01:05:21.532Z,44,38,18,62,21.4
2026-09-28T07:15:09.311Z,51,39,10,61,19.8
2026-09-28T15:43:32.870Z,33,55,12,45,26.4
2026-09-28T21:32:25.349Z,38,47,15,53,26.1
2026-09-29T01:25:34.092Z,58,25,17,75,21.7
2026-09-29T07:14:01.295Z,54,33,14,67,27.9
2026-09-29T14:11:58.112Z,68,21,12,79,24.9
2026-09-29T19:32:00.656Z,53,35,12,65,29.9
2026-09-29T23:23:26.479Z,70,17,13,83,21.9
2026-09-30T02:15:09.874Z,74,14,13,86,19.8
2026-09-30T08:49:32.791Z,62,26,12,74,28.3
2026-09-30T15:33:14.245Z,63,25,12,75,24.1
2026-09-30T20:28:51.457Z,44,44,12,56,30
2026-10-01T00:06:27.045Z,43,42,15,58,22.8
2026-10-01T06:18:09.939Z,33,54,13,46,24.5
2026-10-01T13:41:20.034Z,56,32,12,68,20.4
2026-10-01T19:13:31.505Z,36,52,12,48,30.8
2026-10-01T23:18:42.432Z,40,46,14,54,21.9
2026-10-02T02:24:32.058Z,47,39,14,61,20.7
2026-10-02T08:47:14.627Z,51,37,12,63,25.9
2026-10-02T15:17:40.058Z,65,24,11,76,21.2
2026-10-02T20:03:09.085Z,55,34,12,66,26.3
2026-10-02T23:55:22.774Z,55,32,13,69,21.2
2026-10-03T03:38:34.743Z,60,24,16,76,19.4
2026-10-03T09:37:07.222Z,46,39,16,61,22.7
2026-10-03T14:31:43.229Z,50,35,15,65,20.4
2026-10-03T18:30:18.197Z,23,62,15,38,28.4
2026-10-03T21:57:10.267Z,28,58,15,42,24.4
2026-10-04T00:23:16.619Z,40,43,17,57,21.1
2026-10-04T06:09:10.132Z,48,34,19,66,18.3
2026-10-04T12:41:31.370Z,68,19,13,81,19.3
